{"train_loss": [1.2493271367692065, 1.2143450657581123, 1.1959951738530108, 1.1823396125503236, 1.1741652828606128, 1.1696182462432108, 1.1646126728093813, 1.1610099734959332, 1.1575986611426408, 1.153973801892616], "train_acc": [0.44762402088772846, 0.4639405503113075, 0.47367744527013456, 0.4821664323492, 0.48658766820646715, 0.48891745330387626, 0.4920881033674767, 0.4938501707170114, 0.4957675570730401, 0.49706902323090313]}